Workbook
Name Aporte_mensal: 'Simu Invest'!$D$11:$F$11
Name Qtd_anos: 'Simu Invest'!$D$12:$F$12
Name Rendimento_carteira: 'Simu Invest'!$C$7:$C$7
Name Salario: 'Simu Invest'!$C$6:$C$6
Name sugestao_invest: 'Simu Invest'!$C$8:$C$8
Name Taxa_mensal: 'Simu Invest'!$D$13:$F$13

Sheet Simu Invest
B5: Configurações
B6: Sálario | C6: 2300
B7: Rendimento Carteira | C7: 0.009
B8: Sugestão de investimento | C8: =C6*30% -> 690
B10: Investimento Mensal
B11: Quanto devo investir por mes? | D11: 690
B12: Por quantos anos? | D12: 10
B13: Taxa de Rendimento mensal? | D13: 0.01079
B14: Quanto de Patrimonio acumulado terei? | D14: =FV(D13,D12*12,D11*-1) -> 167866.11
B15: Dividentos mensais? | D15: =D14*$C$7 -> 1510.795
B17: Cenarios | G17: Dividendo
A18: 2 | B18: Quanto em 2 anos | D18: =FV($D$13,$A18*12,$D$11*-1) -> 18787.063 | G18: =D18*$C$7 -> 169.08357
A19: 5 | B19: Quanto em 5 anos | D19: =FV($D$13,$A19*12,$D$11*-1) -> 57806.071 | G19: =D19*$C$7 -> 520.25464
A20: 10 | B20: Quanto em 10 anos | D20: =FV($D$13,$A20*12,$D$11*-1) -> 167866.11 | G20: =D20*$C$7 -> 1510.795
A21: 20 | B21: Quanto em 20 anos | D21: =FV($D$13,$A21*12,$D$11*-1) -> 776386.9 | G21: =D21*$C$7 -> 6987.4821
A22: 30 | B22: Quanto em 30 anos | D22: =FV($D$13,$A22*12,$D$11*-1) -> 2982297.1 | G22: =D22*$C$7 -> 26840.674
B26: PERFIL | C26: Moderado
B27: Valor a ser investido por mês | C27: =D11 -> 690
B29: Tipo de FII | C29: Percentual Sugerido | D29: Valores
B30: Papel | C30: =VLOOKUP($C$26&"-"&B30,Planilha1!$A:$D,4,FALSE) -> 0.32 | D30: =C30*$C$27 -> 220.8
B31: Tijolo | C31: =VLOOKUP($C$26&"-"&B31,Planilha1!$A:$D,4,FALSE) -> 0.35 | D31: =C31*$C$27 -> 241.5
B32: Hibridos | C32: =VLOOKUP($C$26&"-"&B32,Planilha1!$A:$D,4,FALSE) -> 0.08 | D32: =C32*$C$27 -> 55.2
B33: FOFs | C33: =VLOOKUP($C$26&"-"&B33,Planilha1!$A:$D,4,FALSE) -> 0.05 | D33: =C33*$C$27 -> 34.5
B34: Desenvolvimento | C34: =VLOOKUP($C$26&"-"&B34,Planilha1!$A:$D,4,FALSE) -> 0.1 | D34: =C34*$C$27 -> 69
B35: Hotelarias | C35: =VLOOKUP($C$26&"-"&B35,Planilha1!$A:$D,4,FALSE) -> 0.1 | D35: =C35*$C$27 -> 69
B36: TOTAL | D36: =SUM(D30:D35) -> 690

Sheet Planilha1
A2: CHAVE | B2: PERFIL | C2: TIPO DE FII | D2: %
A3: =B3&"-"&C3 -> Conservador-Papel | B3: Conservador | C3: Papel | D3: 0.3 | K3: %
A4: =B4&"-"&C4 -> Conservador-Tijolo | B4: Conservador | C4: Tijolo | D4: 0.5 | I4: Moderado-Tijolo | K4: =VLOOKUP(I4,$A:$D,4,FALSE) -> 0.35
A5: =B5&"-"&C5 -> Conservador-Hibridos | B5: Conservador | C5: Hibridos | D5: 0.1
A6: =B6&"-"&C6 -> Conservador-FOFs | B6: Conservador | C6: FOFs | D6: 0.1
A7: =B7&"-"&C7 -> Conservador-Desenvolvimento | B7: Conservador | C7: Desenvolvimento | D7: 0
A8: =B8&"-"&C8 -> Conservador-Hotelarias | B8: Conservador | C8: Hotelarias | D8: 0
A10: =B10&"-"&C10 -> Moderado-Papel | B10: Moderado | C10: Papel | D10: 0.32
A11: =B11&"-"&C11 -> Moderado-Tijolo | B11: Moderado | C11: Tijolo | D11: 0.35
A12: =B12&"-"&C12 -> Moderado-Hibridos | B12: Moderado | C12: Hibridos | D12: 0.08
A13: =B13&"-"&C13 -> Moderado-FOFs | B13: Moderado | C13: FOFs | D13: 0.05
A14: =B14&"-"&C14 -> Moderado-Desenvolvimento | B14: Moderado | C14: Desenvolvimento | D14: 0.1
A15: =B15&"-"&C15 -> Moderado-Hotelarias | B15: Moderado | C15: Hotelarias | D15: 0.1
A17: =B17&"-"&C17 -> Agressivo-Papel | B17: Agressivo | C17: Papel | D17: 0.5
A18: =B18&"-"&C18 -> Agressivo-Tijolo | B18: Agressivo | C18: Tijolo | D18: 0.1
... A22: =B22&"-"&C22 -> Agressivo-Hotelarias | B22: Agressivo | C22: Hotelarias | D22: 0.1
